{"cameraMode":{"drawMode":0,"name":"Shaded","section":"Shading Mode"},"sceneLighting":true,"audioPlay":false,"sceneViewState":{"showFog":true,"showMaterialUpdate":false,"showSkybox":true,"showFlares":true,"showImageEffects":true,"showParticleSystems":true},"in2DMode":false,"pivot":{"x":0.47168034315109255,"y":-4.061922073364258,"z":0.8145351409912109},"rotation":{"x":-0.5116346478462219,"y":-0.023962030187249185,"z":0.014290244318544865,"w":-0.8587679266929627},"size":15.05728816986084,"orthographic":false}